{
  "version": "1.1",
  "protocol": "ECP0",
  "author": "Erica",
  "maintainer": "Eriga Enrich Inc.",
  "modules": [
    {
      "id": "TX01",
      "title": "Tone Governance Ownership Declaration",
      "zh_title": "語氣治理主權聲明",
      "category": "governance_meta",
      "use": "output",
      "api_ready": true,
      "level": "core",
      "language": ["zh", "en"],
      "status": "stable"
    },
    {
      "id": "TX02",
      "title": "Governed Simulation Authorization",
      "zh_title": "模擬使用治理授權",
      "category": "governance_permission",
      "use": "input",
      "api_ready": true,
      "level": "core",
      "language": ["zh", "en"],
      "status": "stable"
    },
    {
      "id": "TX03",
      "title": "Tone Dispute Resolution & Detection Protocol",
      "zh_title": "語氣爭議處理與偵測條款",
      "category": "governance_risk",
      "use": "input",
      "api_ready": true,
      "level": "core",
      "language": ["zh", "en"],
      "status": "stable"
    },
    {
      "id": "TX04",
      "title": "Governed Revocation Mechanism",
      "zh_title": "語氣治理收回機制",
      "category": "governance_revocation",
      "use": "meta",
      "api_ready": true,
      "level": "core",
      "language": ["zh", "en"],
      "status": "stable"
    },
    {
      "id": "TX05",
      "title": "Governance Applicability & Version Control",
      "zh_title": "治理適用範圍與版本條款",
      "category": "governance_scope",
      "use": "meta",
      "api_ready": true,
      "level": "core",
      "language": ["zh", "en"],
      "status": "stable"
    }
  ]
}